City,Area
南京市,玄武区
南京市,秦淮区
南京市,建邺区
南京市,鼓楼区
南京市,浦口区
南京市,栖霞区
南京市,雨花台区
南京市,江宁区
南京市,六合区
南京市,溧水区
南京市,高淳区
无锡市,锡山区
无锡市,惠山区
无锡市,滨湖区
无锡市,梁溪区
无锡市,新吴区
无锡市,江阴市
无锡市,宜兴市
徐州市,鼓楼区
徐州市,云龙区
徐州市,贾汪区
徐州市,泉山区
徐州市,铜山区
徐州市,丰县
徐州市,沛县
徐州市,睢宁县
徐州市,新沂市
徐州市,邳州市
常州市,天宁区
常州市,钟楼区
常州市,新北区
常州市,武进区
常州市,金坛区
常州市,溧阳市
苏州市,虎丘区
苏州市,吴中区
苏州市,相城区
苏州市,姑苏区
苏州市,吴江区
苏州市,常熟市
苏州市,张家港市
苏州市,昆山市
苏州市,太仓市
南通市,崇川区
南通市,通州区
南通市,海门区
南通市,如东县
南通市,启东市
南通市,如皋市
南通市,海安市
连云港市,连云区
连云港市,海州区
连云港市,赣榆区
连云港市,东海县
连云港市,灌云县
连云港市,灌南县
淮安市,淮安区
淮安市,淮阴区
淮安市,清江浦区
淮安市,洪泽区
淮安市,涟水县
淮安市,盱眙县
淮安市,金湖县
盐城市,亭湖区
盐城市,盐都区
盐城市,大丰区
盐城市,响水县
盐城市,滨海县
盐城市,阜宁县
盐城市,射阳县
盐城市,建湖县
盐城市,东台市
扬州市,广陵区
盐城市,邗江区
盐城市,江都区
盐城市,宝应县
盐城市,仪征市
盐城市,高邮市
镇江市,京口区
镇江市,润州区
镇江市,丹徒区
镇江市,丹阳市
镇江市,扬中市
镇江市,句容市
泰州市,海陵区
泰州市,高港区
泰州市,姜堰区
泰州市,兴化市
泰州市,靖江市
泰州市,泰兴市
宿迁市,宿城区
宿迁市,宿豫区
宿迁市,沭阳县
宿迁市,泗阳县
宿迁市,泗洪县
